<?xml version="1.0" encoding="UTF-8"?>
<project-private xmlns="http://www.netbeans.org/ns/project-private/1">
    <editor-bookmarks xmlns="http://www.netbeans.org/ns/editor-bookmarks/2" lastBookmarkId="0"/>
    <open-files xmlns="http://www.netbeans.org/ns/projectui-open-files/2">
        <group>
            <file>file:/C:/Users/PatiRam/Documents/NetBeansProjects/WAA/lab5/TeaDatatableJSF/web/index.xhtml</file>
            <file>file:/C:/Users/PatiRam/Documents/NetBeansProjects/WAA/lab5/TeaDatatableJSF/web/success.xhtml</file>
            <file>file:/C:/Users/PatiRam/Documents/NetBeansProjects/WAA/lab5/TeaDatatableJSF/web/teadatatable.css</file>
            <file>file:/C:/Users/PatiRam/Documents/NetBeansProjects/WAA/lab5/TeaDatatableJSF/web/signup.xhtml</file>
        </group>
    </open-files>
</project-private>
