<?xml version="1.0" encoding="UTF-8"?>
<project-private xmlns="http://www.netbeans.org/ns/project-private/1">
    <open-files xmlns="http://www.netbeans.org/ns/projectui-open-files/2">
        <group>
            <file>file:/C:/Users/PatiRam/Documents/NetBeansProjects/WAA/lab6/Ajit_JSFCustomComponent/src/java/com/corejsf/UISpinner.java</file>
            <file>file:/C:/Users/PatiRam/Documents/NetBeansProjects/WAA/lab6/Ajit_JSFCustomComponent/web/index.xhtml</file>
            <file>file:/C:/Users/PatiRam/Documents/NetBeansProjects/WAA/lab6/Ajit_JSFCustomComponent/web/next.xhtml</file>
        </group>
    </open-files>
</project-private>
