<?xml version="1.0" encoding="UTF-8"?>
<project-private xmlns="http://www.netbeans.org/ns/project-private/1">
    <editor-bookmarks xmlns="http://www.netbeans.org/ns/editor-bookmarks/2" lastBookmarkId="0"/>
    <open-files xmlns="http://www.netbeans.org/ns/projectui-open-files/2">
        <group>
            <file>file:/C:/Users/PatiRam/Documents/NetBeansProjects/WAA/lab4/teastore/src/java/mum/edu/corejsf/Tea.java</file>
            <file>file:/C:/Users/PatiRam/Documents/NetBeansProjects/WAA/lab4/teastore/web/WEB-INF/faces-config.xml</file>
            <file>file:/C:/Users/PatiRam/Documents/NetBeansProjects/WAA/lab4/teastore/web/WEB-INF/corejsf-facelets-tags.xml</file>
            <file>file:/C:/Users/PatiRam/Documents/NetBeansProjects/WAA/lab4/teastore/web/home.xhtml</file>
            <file>file:/C:/Users/PatiRam/Documents/NetBeansProjects/WAA/lab4/teastore/web/sections/tea/header.xhtml</file>
            <file>file:/C:/Users/PatiRam/Documents/NetBeansProjects/WAA/lab4/teastore/src/java/mum/edu/corejsf/User.java</file>
            <file>file:/C:/Users/PatiRam/Documents/NetBeansProjects/WAA/lab4/teastore/web/sections/tea/sidebarLeft.xhtml</file>
            <file>file:/C:/Users/PatiRam/Documents/NetBeansProjects/WAA/lab4/teastore/web/WEB-INF/corejsf.taglib.xml</file>
            <file>file:/C:/Users/PatiRam/Documents/NetBeansProjects/WAA/lab4/teastore/web/teastore.xhtml</file>
        </group>
    </open-files>
</project-private>
